No,Source ID(s),Concept,Code,Misconception,Example,Curation note,wrong_example,correct_example
1,Sychev SEQ3,SQ,SQ-01,Student believes statements inside a sequence or block may execute in an order different from their written order.,"Given step 1: input x; step 2: y ← x + 1; step 3: output y, student expects output to occur before the assignment.",Moved from old CD-05; introduces Sequence / Algorithm Flow category.,"input(x)
output(y)
y <- x + 1
{ output dipanggil sebelum y dihitung }","input(x)
y <- x + 1
output(y)"
2,Sychev SEQ1; Sychev SEQ2; Sychev SEL7; Sychev LOOP4; Bastian&Mühling DT,"SQ, CD, LO",SQ-02,"Student fails to recognize where a block ends, treating a statement after a sequence, selection, or loop as if it still belongs to that block.",if x > 0 then output('A') endif; output('B'). Student thinks output('B') is part of the if-branch.,"Merged old CD-03, CD-04, CD-12, LO-13, and CD-18 as one block-boundary misconception.","if x > 0 then
    output(""A"")
output(""B"")
{ siswa kira output(""B"") masih di dalam if karena lupa endif }","if x > 0 then
    output(""A"")
endif
output(""B"")"
3,Curation for AP1 pseudocode tasks,"SQ, IO, EX",SQ-03,Student believes a computation can be performed before all required input values or intermediate values are available.,"Student tries to compute volume after measuring only length and width, before height is known.",Added to support Week-1 algorithmic reasoning tasks; avoids math-formula dependency.,"input(panjang)
input(lebar)
volume <- panjang * lebar * tinggi
input(tinggi)
{ volume dihitung sebelum tinggi diinput }","input(panjang)
input(lebar)
input(tinggi)
volume <- panjang * lebar * tinggi"
4,Curation for AP1 pseudocode tasks,"SQ, VA, IO",SQ-04,"Student assumes information obtained in an earlier step remains usable later without being explicitly recorded, stored, or assigned.",Student measures the length of a cupboard but does not write it down or store it before continuing to measure width.,Added for early algorithm/state reasoning; related to VA but kept as sequence-level storage across steps.,"input(lebar)
input(tinggi)
luas <- panjang * lebar
{ panjang dipakai padahal tak pernah diinput/disimpan }","input(panjang)
input(lebar)
luas <- panjang * lebar"
5,Haberman PriorityDriven1; Haberman PriorityDriven4,"SQ, IO, VA",SQ-05,Student believes some statement types have special execution priority regardless of their position in the algorithm.,Student expects an assignment statement to happen before an input statement even when the input statement is written first.,Merged old IO-04 and IO-07 into a general execution-priority misconception.,"x <- 5
input(x)
output(x)
{ siswa kira x <- 5 tetap menang walau input(x) menimpanya }","input(x)
output(x)"
6,Grover&Basu GroupingError,"SQ, LO",SQ-06,Student believes repeated actions in a loop body should be split into separate repetitions instead of executing the whole ordered sequence as one loop body.,"For a loop body containing move then turn, student writes one loop for all moves and another loop for all turns.",Moved from old LO-27 because the core issue is repeating an ordered sequence as a unit.,"for i <- 1 to 3 do
    output(""maju"")
endfor
for i <- 1 to 3 do
    output(""belok"")
endfor
{ tiap aksi dipisah jadi loop sendiri }","for i <- 1 to 3 do
    output(""maju"")
    output(""belok"")
endfor"
7,Bayman&Mayer READ/DATA,"IO, VA",IO-01,Student believes input or data statements directly print values or place values into memory without an explicit variable-receiving step.,"Given data 80, 90, 99 and read A, student expects the values to be printed instead of assigning the first data value to A.",Kept from old IO-08.,"input(A)
{ siswa kira input(A) langsung mencetak nilainya, bukan menyimpan ke A }","input(A)
output(A)"
8,Bayman&Mayer PRINT,"IO, VA",IO-02,Student confuses printing a variable's value with printing the variable's name as literal text.,"If C stores 10, student expects output(C) to print the letter 'C' rather than 10.",Split from old IO-09; persistent output-history part merged into VA-05.,"C <- 10
output(""C"")
{ siswa kira ini mencetak isi C, padahal mencetak huruf 'C' }","C <- 10
output(C)"
9,Haberman PriorityDriven2,"IO, VA",IO-03,"Student believes that when multiple input statements use the same variable, only the first input determines the variable's value.","After input x reads 5 and input x reads 9, student expects x to remain 5.",Kept from old IO-05.,"input(x)
input(x)
output(x)
{ siswa kira x tetap nilai input pertama, padahal ditimpa input kedua }","input(x)
input(y)
output(x)
output(y)"
10,Haberman PriorityDriven3,"IO, VA",IO-04,"Student believes a variable's value can only be used once, after which a new input value is automatically assigned.",Student expects output(x) to consume x and make the next input value automatically become x.,Kept from old IO-06.,"input(x)
output(x)
output(x)
{ siswa kira output(x) 'mengonsumsi' x sehingga output kedua butuh input baru }","input(x)
output(x)
output(x)
{ nilai x tetap tersedia untuk dipakai berkali-kali }"
11,Expert curation for AP1 pseudocode tasks,"IO, SQ",IO-05,"Student believes a computed result becomes the final answer automatically without an explicit output, display, or recording step.","After calculating volume, student stops the algorithm without writing or displaying the volume.",Added for Week-1 algorithm tasks where output step is often omitted.,"input(panjang)
input(lebar)
volume <- panjang * lebar
{ hasil dihitung tapi tak pernah di-output }","input(panjang)
input(lebar)
volume <- panjang * lebar
output(volume)"
12,McMining 35,VA,VA-01,Student believes that values must be explicitly converted to their current type to ensure type safety.,result = int(a) + int(b) even when a and b are already integers.,Kept.,"program JumlahRentang
kamus
  n, awal, akhir, i, x, total : integer
algoritma
  input(n, awal, akhir)
  total <- integer(0)
  for i <- 1 to integer(n) do
    input(x)
    if integer(i) >= integer(awal) and integer(i) <= integer(akhir) then
      total <- integer(total) + integer(x)
    endif
  endfor
  output(integer(total))
endprogram","program JumlahRentang
kamus
  n, awal, akhir, i, x, total : integer
algoritma
  input(n, awal, akhir)
  total <- 0
  for i <- 1 to n do
    input(x)
    if i >= awal and i <= akhir then
      total <- total + x
    endif
  endfor
  output(total)
endprogram"
13,McMining 54; Qian 5,"VA, EX, OP",VA-02,"Student believes that an assigned expression or formula is stored dynamically, so the assigned variable automatically updates when variables in the expression change.",x = 10; y = x * 2; x = 5; student expects y to become 10.,Kept.,"program JumlahMinMaks
kamus
  n, i, x, minimum, maksimum, hasil : integer
algoritma
  input(n)
  minimum <- 0
  maksimum <- 0
  hasil <- minimum + maksimum
  for i <- 1 to n do
    input(x)
    if i == 1 then
      minimum <- x
      maksimum <- x
    else
      if x < minimum then
        minimum <- x
      endif
      if x > maksimum then
        maksimum <- x
      endif
    endif
  endfor
  output(hasil)
endprogram","program JumlahMinMaks
kamus
  n, i, x, minimum, maksimum : integer
algoritma
  input(n)
  for i <- 1 to n do
    input(x)
    if i == 1 then
      minimum <- x
      maksimum <- x
    else
      if x < minimum then
        minimum <- x
      endif
      if x > maksimum then
        maksimum <- x
      endif
    endif
  endfor
  output(minimum + maksimum)
endprogram"
14,McMining 56,VA,VA-03,Student believes that variable identifiers can only be one letter long.,"Student uses l, w, a instead of length, width, area.",Kept.,"program HitungUmurAnjing
kamus
  u : integer
  a : real
algoritma
  input(u)
  if u <= 2 then
    a <- u * 10.5
  else
    a <- 21 + (u - 2) * 4
  endif
  output(a)
endprogram","program HitungUmurAnjing
kamus
  umur : integer
  umurAnjing : real
algoritma
  input(umur)
  if umur <= 2 then
    umurAnjing <- umur * 10.5
  else
    umurAnjing <- 21 + (umur - 2) * 4
  endif
  output(umurAnjing)
endprogram"
15,McMining 59,VA,VA-04,"Student believes that variable names containing vowels can only store string values, while consonant-only names can store any type.","Student stores age = ""25"" because age contains a vowel, then gets an error when adding age + 5.",Kept.,"program HitungPasanganTidakSama
kamus
  a, b, c : integer
  total : string
algoritma
  input(a, b, c)
  total <- ""0""
  if a != b then
    total <- string(integer(total) + 1)
  endif
  if a != c then
    total <- string(integer(total) + 1)
  endif
  if b != c then
    total <- string(integer(total) + 1)
  endif
  output(integer(total))
endprogram","program HitungPasanganTidakSama
kamus
  a, b, c, jumlah : integer
algoritma
  input(a, b, c)
  jumlah <- 0
  if a != b then
    jumlah <- jumlah + 1
  endif
  if a != c then
    jumlah <- jumlah + 1
  endif
  if b != c then
    jumlah <- jumlah + 1
  endif
  output(jumlah)
endprogram"
16,Qian 1; Haberman HistPres1; Haberman HistPres2,"VA, IO",VA-05,"Student believes a variable stores multiple current or previous values at the same time, rather than holding only one current value.","After x receives 3 then 7, student expects x to contain both 3 and 7, or to be able to output the old value 3 without storing it elsewhere.","Merged old VA-05, IO-01, and IO-02.","x <- 3
x <- 7
output(x)
{ siswa kira x menyimpan 3 dan 7 sekaligus, bisa keluarkan 3 yang lama }","x <- 3
output(x)
x <- 7
output(x)
{ x hanya menyimpan satu nilai; simpan nilai lama dulu bila perlu }"
17,Qian 2,"VA, OP",VA-06,"Assignment statements are commutative, i.e., A = B is equivalent to B = A.",Student thinks A = B and B = A have the same effect.,Kept.,"input(a)
b <- 0
a <- b
output(a)
output(b)
{ siswa ingin menyalin nilai a ke b, tapi menulis ""a <- b"" karena mengira arah assignment bisa dibolak-balik; akibatnya a malah tertimpa 0 (nilai lama b), bukan b yang menerima nilai a }","input(a)
b <- 0
b <- a
output(a)
output(b)
{ arah assignment penting: untuk menyalin nilai a ke b, tulis ""b <- a"" -- bukan sebaliknya }"
18,Qian 3,"VA, OP",VA-07,"The assignment statement A = B + 1 changes the value of B by 1, as well as changing A.",Student thinks A = B + 1 also increments B.,Kept.,"input(b)
a <- b + 1
output(b)
{ siswa kira b ikut bertambah 1 menjadi sama dengan a, padahal hanya a yang dihitung dari b + 1 }","input(b)
a <- b + 1
output(b)
{ hanya a yang berubah; b tetap sama seperti nilai inputnya }"
19,Qian 4,VA,VA-08,"Assigning the value of one variable to another variable links the two variables, so changing one also changes the other.","After A = B, student thinks changing B later also changes A.",Kept.,"b <- 5
a <- b
b <- 99
output(a)
{ siswa kira a ikut menjadi 99 karena tadi disalin dari b }","b <- 5
a <- b
b <- 99
output(a)
{ a menyimpan salinan nilai b SAAT assignment terjadi (yaitu 5); mengubah b setelahnya tidak mengubah a }"
20,Qian 6,VA,VA-09,The left-hand side of an assignment statement does not have to be a variable.,Student thinks an expression can appear on the left-hand side of assignment.,Kept.,"a + b <- 10
{ sisi kiri assignment bukan variabel }","c <- 10
{ sisi kiri assignment harus satu variabel }"
21,Qian 7,VA,VA-10,Computers know what value should be associated with a variable name.,The computer knows that a variable called largest must hold the largest value.,Kept.,"largest <- 0
for i <- 1 to 5 do
    input(x)
endfor
output(largest)
{ siswa lupa membandingkan x dengan largest, kira komputer otomatis tahu largest harus menyimpan nilai terbesar hanya dari namanya }","largest <- 0
for i <- 1 to 5 do
    input(x)
    if x > largest then
        largest <- x
    endif
endfor
output(largest)
{ variabel hanya berisi apa yang di-assign secara eksplisit; nama variabel tidak memberi makna otomatis pada komputer }"
22,Qian 9,VA,VA-11,"Student believes that variables such as ""age"" and ""Age"" refer to the same variable.",Student treats age and Age as the same identifier.,Kept.,"age <- 20
output(Age)
{ siswa kira age dan Age variabel yang sama }","age <- 20
output(age)
{ nama variabel case-sensitive: age != Age }"
23,Haberman HistPres3; Grover&Basu VarAsLetter,VA,VA-12,"Student treats a variable as an immutable mathematical unknown or initial label, rather than as a named storage location whose value can change through assignment.",Student resists assigning a new value to total because total was already initialized earlier.,Merged old IO-03 and VA-12.,"total <- 0
for i <- 1 to 5 do
    input(x)
endfor
output(total)
{ siswa tidak menulis ""total <- total + x"" karena mengira total tidak boleh di-assign ulang setelah diinisialisasi; akibatnya total tetap 0 }","total <- 0
for i <- 1 to 5 do
    input(x)
    total <- total + x
endfor
output(total)
{ total di-assign ulang pada tiap iterasi untuk mengakumulasi nilai x yang diinput }"
24,Chiodini NoReservedWords,VA,VA-13,Student is uncertain or unaware of which words are reserved by the language and cannot be used as variable identifiers.,"Student attempts to use a reserved keyword as a variable name, uncertain whether it is permitted, or mistakenly believes a built-in function name is safe to reuse as an identifier.",Kept.,"kamus
    integer : integer
algoritma
    integer <- 5
    { memakai kata kunci sebagai nama variabel }","kamus
    angka : integer
algoritma
    angka <- 5"
25,McMining 16; Qian 19,"CD, OP",OP-01,"Student confuses assignment and equality comparison, for example believing that the symbol = tests for equality in a condition.","if x = 5: print(""Equal"") instead of if x == 5.",Kept.,"program PalindromBerikutnya
kamus
  n, kandidat, sisa, hasilBalik : integer
  sudahKetemu : boolean
algoritma
  input(n)
  kandidat <- n + 1
  sudahKetemu <- false
  while not sudahKetemu do
    sisa <- kandidat
    hasilBalik <- 0
    while sisa > 0 do
      hasilBalik <- hasilBalik * 10 + (sisa mod 10)
      sisa <- sisa div 10
    endwhile
    if hasilBalik = kandidat then
      sudahKetemu <- true
    else
      kandidat <- kandidat + 1
    endif
  endwhile
  output(kandidat)
endprogram","program PalindromBerikutnya
kamus
  n, kandidat, sisa, hasilBalik : integer
  sudahKetemu : boolean
algoritma
  input(n)
  kandidat <- n + 1
  sudahKetemu <- false
  while not sudahKetemu do
    sisa <- kandidat
    hasilBalik <- 0
    while sisa > 0 do
      hasilBalik <- hasilBalik * 10 + (sisa mod 10)
      sisa <- sisa div 10
    endwhile
    if hasilBalik == kandidat then
      sudahKetemu <- true
    else
      kandidat <- kandidat + 1
    endif
  endwhile
  output(kandidat)
endprogram"
26,McMining 17,"OP, VA",OP-02,Student believes that colons (:) are used for variable assignment.,x : 5 instead of x = 5.,Kept.,"program CariTerkecil
kamus
  n, i, x, terkecil : integer
algoritma
  input(n)
  for i <- 1 to n do
    input(x)
    if i == 1 then
      terkecil : x
    else
      if x < terkecil then
        terkecil : x
      endif
    endif
  endfor
  output(terkecil)
endprogram","program CariTerkecil
kamus
  n, i, x, terkecil : integer
algoritma
  input(n)
  for i <- 1 to n do
    input(x)
    if i == 1 then
      terkecil <- x
    else
      if x < terkecil then
        terkecil <- x
      endif
    endif
  endfor
  output(terkecil)
endprogram"
27,McMining 46,"EX, OP",OP-03,Student believes that the and operator always evaluates both operands.,if value > 0 and increment_counter(): student expects increment_counter() to run even when value > 0 is false.,Kept.,"PROGRAM CekNilaiDanIncrement
 { Program memeriksa apakah sebuah nilai lebih besar dari 0, lalu memanggil fungsi penambah penghitung. }
 kamus
  value : integer
 algoritma
  input(value)
  if value > 0 and increment_counter() then
  output(""valid"")
  endif
  { siswa kira increment_counter() tetap dipanggil walau value > 0 sudah bernilai salah }
 endprogram","PROGRAM CekNilaiDanIncrement
 { Program memeriksa apakah sebuah nilai lebih besar dari 0, lalu memanggil fungsi penambah penghitung. }
 kamus
  value : integer
 algoritma
  input(value)
  if value > 0 and increment_counter() then
  output(""valid"")
  endif
  { jika value > 0 salah, and langsung berhenti (short-circuit) dan increment_counter() TIDAK dipanggil }
 endprogram"
28,McMining 47,"EX, OP",OP-04,Student believes that the or operator always evaluates both operands.,if value < 0 or increment_counter(): student expects increment_counter() to run even when value < 0 is true.,Kept.,"PROGRAM CekNilaiAtauIncrement
 { Program memeriksa apakah sebuah nilai kurang dari 0, atau memanggil fungsi penambah penghitung. }
 kamus
  value : integer
 algoritma
  input(value)
  if value < 0 or increment_counter() then
  output(""valid"")
  endif
  { siswa kira increment_counter() tetap dipanggil walau value < 0 sudah bernilai benar }
 endprogram","PROGRAM CekNilaiAtauIncrement
 { Program memeriksa apakah sebuah nilai kurang dari 0, atau memanggil fungsi penambah penghitung. }
 kamus
  value : integer
 algoritma
  input(value)
  if value < 0 or increment_counter() then
  output(""valid"")
  endif
  { jika value < 0 benar, or langsung berhenti (short-circuit) dan increment_counter() TIDAK dipanggil }
 endprogram"
29,McMining 63,"EX, OP",OP-05,Student believes that the arithmetic operation + has higher precedence than the arithmetic operation /.,average = 10 + 20 + 30 / 3; student expects (10 + 20 + 30) / 3.,Kept.,"program JumlahHarmonik
kamus
  n, i : integer
  jumlah : real
algoritma
  input(n)
  jumlah <- 0
  for i <- 1 to n do
    jumlah <- jumlah + (1 / i)
  endfor
  output(jumlah)
endprogram","program JumlahHarmonik
kamus
  n, i : integer
  jumlah : real
algoritma
  input(n)
  jumlah <- 0
  for i <- 1 to n do
    jumlah <- jumlah + 1 / i
  endfor
  output(jumlah)
endprogram"
30,McMining 64,"EX, OP",OP-06,Student believes that the arithmetic operation - has higher precedence than the arithmetic operation /.,result = 100 - 10 / 2; student expects (100 - 10) / 2.,Kept.,"PROGRAM HitungSelisihDibagiDua
 { Program menghitung hasil pengurangan dua bilangan yang kemudian dibagi dua. }
 kamus
  hasil : real
 algoritma
  hasil <- 100 - 10 / 2
  { siswa kira dievaluasi (100-10)/2 }
 endprogram","PROGRAM HitungSelisihDibagiDua
 { Program menghitung hasil pengurangan dua bilangan yang kemudian dibagi dua. }
 kamus
  hasil : real
 algoritma
  hasil <- (100 - 10) / 2
  { tanpa kurung, / dievaluasi lebih dulu: 100 - 5 }
 endprogram"
31,McMining 65,"EX, OP",OP-07,Student believes that the arithmetic operation + has higher precedence than the arithmetic operation *.,total = 2 + 5 * 3; student expects (2 + 5) * 3.,Kept.,"program HitungUmurAnjing
kamus
  umur : integer
  umurAnjing : real
algoritma
  input(umur)
  if umur <= 2 then
    umurAnjing <- umur * 10.5
  else
    umurAnjing <- 21 + ((umur - 2) * 4)
  endif
  output(umurAnjing)
endprogram","program HitungUmurAnjing
kamus
  umur : integer
  umurAnjing : real
algoritma
  input(umur)
  if umur <= 2 then
    umurAnjing <- umur * 10.5
  else
    umurAnjing <- 21 + (umur - 2) * 4
  endif
  output(umurAnjing)
endprogram"
32,Grover&Basu ORasXOR,OP,OP-08,"Student treats the boolean OR operator as if it behaves like exclusive-or, evaluating to true only when exactly one operand is true rather than when at least one operand is true.","For the condition '(starts with D) OR (ends with E)' applied to a word that satisfies both parts, student marks the expression as false because both conditions matched, not just one.",Kept.,"input(kata)
mulaiD <- (kata[0] == ""D"")
akhirE <- (kata[length(kata) - 1] == ""E"")
if mulaiD or akhirE then
    output(""cocok"")
endif
{ untuk kata yang memenuhi KEDUA syarat, siswa kira hasilnya salah karena mengira or hanya benar bila TEPAT satu sisi benar (seperti XOR) }","input(kata)
mulaiD <- (kata[0] == ""D"")
akhirE <- (kata[length(kata) - 1] == ""E"")
if mulaiD or akhirE then
    output(""cocok"")
endif
{ or bernilai benar bila SETIDAKNYA satu sisi benar, termasuk bila mulaiD dan akhirE keduanya benar }"
33,McMining 4; McMining 26,"CD, EX, OP",EX-01,Student believes that Boolean expressions must be explicitly compared to True/False or wrapped in if/else before they can be used or returned.,if (n > 0) == True or if n % 2 == 0: return True else return False.,Kept.,"program CariTerkecil
kamus
  n, i, x, terkecil : integer
algoritma
  input(n)
  for i <- 1 to n do
    input(x)
    if i == 1 then
      terkecil <- x
    else
      if (x < terkecil) == true then
        terkecil <- x
      endif
    endif
  endfor
  output(terkecil)
endprogram","program CariTerkecil
kamus
  n, i, x, terkecil : integer
algoritma
  input(n)
  for i <- 1 to n do
    input(x)
    if i == 1 then
      terkecil <- x
    else
      if x < terkecil then
        terkecil <- x
      endif
    endif
  endfor
  output(terkecil)
endprogram"
34,McMining 18,"EX, OP",EX-02,"Student believes that in the expression x == a or b, the comparison operator distributes to both operands of the or operator.","if grade == ""A"" or ""B"": print(""Good grade!"").",Kept.,"program CekTandaBerlawanan
kamus
  a, b : integer
  hasil : boolean
algoritma
  input(a, b)
  if (a < 0 or b) and not (a < 0 and b < 0) then
    hasil <- true
  else
    hasil <- false
  endif
  output(hasil)
endprogram","program CekTandaBerlawanan
kamus
  a, b : integer
  hasil : boolean
algoritma
  input(a, b)
  if (a < 0 and b > 0) or (a > 0 and b < 0) then
    hasil <- true
  else
    hasil <- false
  endif
  output(hasil)
endprogram"
35,McMining 66,LO,EX-03,Student believes that the first character of a string is at index 1.,"word = ""hello""; first_char = word[1]; student expects ""h"" but gets ""e"".",Kept.,,
36,Qian 8,"VA, OP, EX",EX-04,Student believes that different data types can be freely mixed in expressions.,"A = 5 + ""Hero"".",Kept.,"A <- 5 + ""Hero""
{ mencampur integer dan string dalam satu ekspresi }","A <- 5
nama <- ""Hero""
{ tipe berbeda tidak dicampur langsung dalam satu operasi aritmatika }"
37,Chiodini NoAtomicExpression,EX,EX-05,"Student believes expressions must consist of more than one piece, so a single literal or variable name alone is not considered a valid expression.","Student says a bare literal like 19 or a single variable name is 'not an expression', believing only compound expressions like 19*2 qualify.",Kept.,"nilai <- 19 + 0
{ siswa kira literal tunggal 19 bukan ekspresi yang valid, jadi ditambah +0 supaya ""jadi ekspresi"" }","nilai <- 19
{ literal tunggal atau nama variabel tunggal sudah merupakan ekspresi yang valid, tanpa perlu operasi tambahan }"
38,McMining 33,CD,CD-01,Student believes that multiple mutually exclusive conditions in a control-flow construct must each be written as separate if statements.,"Separate if statements for score >= 90, score >= 80, score >= 70, causing later assignments to overwrite earlier ones.",Kept.,"program HitungPasanganTidakSama
kamus
  a, b, c, jumlah : integer
algoritma
  input(a, b, c)
  jumlah <- 0
  if a > b then
    jumlah <- jumlah + 1
  endif
  if a < b then
    jumlah <- jumlah + 1
  endif
  if a == b then
    jumlah <- jumlah + 0
  endif
  if a > c then
    jumlah <- jumlah + 1
  endif
  if a < c then
    jumlah <- jumlah + 1
  endif
  if a == c then
    jumlah <- jumlah + 0
  endif
  if b > c then
    jumlah <- jumlah + 1
  endif
  if b < c then
    jumlah <- jumlah + 1
  endif
  if b == c then
    jumlah <- jumlah + 0
  endif
  output(jumlah)
endprogram","program HitungPasanganTidakSama
kamus
  a, b, c, jumlah : integer
algoritma
  input(a, b, c)
  jumlah <- 0
  if a != b then
    jumlah <- jumlah + 1
  endif
  if a != c then
    jumlah <- jumlah + 1
  endif
  if b != c then
    jumlah <- jumlah + 1
  endif
  output(jumlah)
endprogram"
39,McMining 41; Sychev RECsl,"CD, LO",CD-02,Student believes that an if/selection statement can repeat like a loop while its condition holds.,counter = 5; if counter > 0: counter = counter - 1; student expects counter to become 0 automatically.,Kept.,"program CekBilanganPrima
kamus
  n, i : integer
  prima : boolean
algoritma
  input(n)
  if n >= 1 then
    prima <- true
    i <- 2
    if i < n div 2 then
      if n mod i == 0 then
        prima <- false
      else
        i <- i + 1
      endif
    endif
  else
    prima <- false
  endif
  output(prima)
endprogram","program CekBilanganPrima
kamus
  n, i : integer
  prima : boolean
algoritma
  input(n)
  if n < 2 then
    prima <- false
  else
    prima <- true
    for i <- 2 to n - 1 do
      if n mod i == 0 then
        prima <- false
      endif
    endfor
  endif
  output(prima)
endprogram"
40,Sychev SEL1; Sychev SEL2; Bastian&Mühling EO,CD,CD-03,Student believes a conditional branch executes regardless of whether its condition is true.,"If x < 0 then output('negative'), student still expects the output when x is 5.","Merged old CD-06, CD-07, and CD-17.","input(x)
if x < 0 then
    output(""negatif"")
endif
{ siswa kira cabang tetap jalan walau x = 5 (kondisi salah) }","input(x)
if x < 0 then
    output(""negatif"")
endif
{ cabang hanya jalan bila kondisi bernilai benar }"
41,Sychev SEL3,CD,CD-04,Conditions of a multi-branch selection statement are checked in the wrong order.,-,Renumbered from old CD-08.,"input(n)
if n > 0 then
    output(""positif"")
else if n > 100 then
    output(""besar"")
endif
{ urutan cek salah: n=150 keburu tertangkap '>0', '>100' tak tercapai }","input(n)
if n > 100 then
    output(""besar"")
else if n > 0 then
    output(""positif"")
endif
{ kondisi lebih spesifik dicek lebih dulu }"
42,Sychev SEL4,CD,CD-05,Student does not consider the truth of a control condition as the cause for the execution of its branch.,"Q#8: correct cause is condition evaluates to true, but student answers that it executes because it stands after checking the condition.",Renumbered from old CD-09.,"input(n)
if n > 0 then
    output(""positif"")
endif
{ saat ditanya mengapa ""positif"" tercetak, siswa menjawab ""karena letaknya di bawah pengecekan"", bukan karena n > 0 bernilai benar }","input(n)
if n > 0 then
    output(""positif"")
endif
{ ""positif"" tercetak KARENA kondisi n > 0 bernilai benar; itulah penyebab langsung cabang dieksekusi }"
43,Sychev SEL5,CD,CD-06,Student believes a condition is checked after executing a branch.,"Q#31: student says the else branch should execute first, and only then the condition should be checked.",Renumbered from old CD-10.,"input(n)
if n > 0 then
    output(""positif"")
else
    output(""non-positif"")
endif
{ siswa kira cabang else dieksekusi dulu, baru kondisi n > 0 dicek setelahnya }","input(n)
if n > 0 then
    output(""positif"")
else
    output(""non-positif"")
endif
{ kondisi dicek DULU, baru cabang yang sesuai dieksekusi -- bukan sebaliknya }"
44,Sychev SEL6,CD,CD-07,Student believes two or more branches of one selection statement are executed.,-,Renumbered from old CD-11.,"input(n)
if n > 0 then
    output(""positif"")
else
    output(""negatif"")
endif
{ siswa kira KEDUA cabang if dan else dieksekusi sekaligus, bukan hanya salah satu }","input(n)
if n > 0 then
    output(""positif"")
else
    output(""negatif"")
endif
{ hanya SATU cabang dieksekusi, tidak keduanya }"
45,Sychev SEL8,CD,CD-08,Selection statement exits without executing a branch or checking all conditions.,-,Renumbered from old CD-13.,"input(n)
if n > 0 then
    output(""positif"")
else
    output(""nol atau negatif"")
endif
{ siswa kira program bisa keluar dari struktur if-else tanpa mengeksekusi cabang manapun, walau ada else }","input(n)
if n > 0 then
    output(""positif"")
else
    output(""nol atau negatif"")
endif
{ dengan else, selalu ada tepat satu cabang yang dieksekusi }"
46,Sychev SEL9,CD,CD-09,A branch condition is thought to be evaluated multiple times.,Q#30: student thinks the condition must appear before the previous condition instead of understanding it is checked only once.,Renumbered from old CD-14.,"input(n)
if n > 90 then
    output(""A"")
else if n > 90 then
    output(""A lagi"")
else if n > 80 then
    output(""B"")
endif
{ siswa kira kondisi n > 90 perlu dicek ulang di cabang berikutnya, padahal tiap kondisi hanya dicek sekali }","input(n)
if n > 90 then
    output(""A"")
else if n > 80 then
    output(""B"")
endif
{ setiap kondisi if-elif hanya dicek SEKALI secara berurutan, tidak diulang }"
47,Sychev SEL10,CD,CD-10,A different branch is executed after a selection-statement condition evaluates to true.,-,Renumbered from old CD-15.,"input(n)
if n > 0 then
    output(""negatif"")
else
    output(""positif"")
endif
{ siswa kira walau n > 0 bernilai benar, program bisa ""meloncat"" ke cabang else }","input(n)
if n > 0 then
    output(""positif"")
else
    output(""negatif"")
endif
{ ketika kondisi bernilai benar, cabang yang sesuai dengan kondisi itu yang dieksekusi, bukan cabang lain }"
48,Sychev NOT1sl,CD,CD-11,Student calls a selection statement a loop.,-,Renumbered from old CD-16.,"input(n)
if n > 0 then
    output(""positif"")
endif
{ siswa menyebut struktur if ini sebagai ""loop"" karena mengira ia berulang }","input(n)
if n > 0 then
    output(""positif"")
endif
{ ini adalah selection statement (percabangan) yang dieksekusi maksimal sekali, berbeda dari loop yang berulang }"
49,McMining 14,"LO, VA",LO-01,Student believes that loop variables are destroyed and are inaccessible after the loop completes.,"After for i in range(...), student avoids using i and stores the found index in another variable.",Kept.,"program TampilkanSemuaAngka
 { Program menampilkan angka 1 sampai 5 menggunakan sebuah loop. }
 kamus
  i, terakhir : integer
 algoritma
  for i <- 1 to 5 do
  output(i)
  endfor
  terakhir <- i
  output(terakhir)
  { siswa menyalin i ke variabel lain (terakhir) sebelum dipakai lagi, karena mengira i akan ""hilang"" begitu loop selesai }
 endprogram","program TampilkanSemuaAngka
 { Program menampilkan angka 1 sampai 5 menggunakan sebuah loop. }
 kamus
  i : integer
 algoritma
  for i <- 1 to 5 do
  output(i)
  endfor
  output(i)
  { i tetap ada dan bisa langsung dipakai setelah loop berakhir (bernilai 5, nilai terakhir loop); tidak perlu disalin ke variabel lain }
 endprogram"
50,McMining 20,"LO, VA",LO-02,Student believes that for-loop variables exist in a separate scope and will not affect variables with the same name in the enclosing scope.,i = 100; for i in range(5): ...; student expects i to still be 100 after the loop.,Kept.,"program JumlahRentang
kamus
  n, awal, akhir, i, x, total : integer
algoritma
  input(n, awal, akhir)
  i <- 0
  total <- 0
  for i <- 1 to n do
    input(x)
    if i >= awal and i <= akhir then
      total <- total + x
    endif
  endfor
  if i == 0 then
    output(0)
  else
    output(total)
  endif
endprogram","program JumlahRentang
kamus
  n, awal, akhir, i, x, total : integer
algoritma
  input(n, awal, akhir)
  total <- 0
  for i <- 1 to n do
    input(x)
    if i >= awal and i <= akhir then
      total <- total + x
    endif
  endfor
  output(total)
endprogram"
51,McMining 24,"LO, VA",LO-03,Student believes that for-loop variables must be explicitly initialized before the loop.,"i = 0 before for i in range(5), although the loop header already manages i.",Kept.,"program CekBilanganPrima
kamus
  n, i : integer
  prima : boolean
algoritma
  input(n)
  if n < 2 then
    prima <- false
  else
    prima <- true
    i <- 0
    for i <- 2 to n - 1 do
      if n mod i == 0 then
        prima <- false
      endif
    endfor
  endif
  output(prima)
endprogram","program CekBilanganPrima
kamus
  n, i : integer
  prima : boolean
algoritma
  input(n)
  if n < 2 then
    prima <- false
  else
    prima <- true
    for i <- 2 to n - 1 do
      if n mod i == 0 then
        prima <- false
      endif
    endfor
  endif
  output(prima)
endprogram"
52,McMining 25,"LO, VA",LO-04,Student believes that modifying a for-loop variable inside the loop body does not affect the next iteration's value.,for i in range(10): if i % 2 == 0: i += 1; student expects this to skip even numbers.,Kept.,"program MatriksIdentitas
kamus
  n, i, j : integer
  baris : string
algoritma
  input(n)
  for i <- 1 to n do
    baris <- """"
    for j <- 1 to n do
      if i == j then
        baris <- baris + ""1 ""
      else
        baris <- baris + ""0 ""
      endif
    endfor
    i <- i + n
    output(baris)
  endfor
endprogram","program MatriksIdentitas
kamus
  n, i, j : integer
  baris : string
algoritma
  input(n)
  for i <- 1 to n do
    baris <- """"
    for j <- 1 to n do
      if i == j then
        baris <- baris + ""1 ""
      else
        baris <- baris + ""0 ""
      endif
    endfor
    output(baris)
  endfor
endprogram"
53,McMining 38,LO,LO-05,Student believes that while-loops execute their body only once if the condition is true.,"Student treats while user_input != ""done"" like a one-time if statement.",Kept.,"program HitungUmurAnjing
kamus
  umur : integer
  umurAnjing : real
algoritma
  input(umur)
  while umur <= 2 do
    umurAnjing <- umur * 10.5
  endwhile
  while umur > 2 do
    umurAnjing <- 21 + (umur - 2) * 4
  endwhile
  output(umurAnjing)
endprogram","program HitungUmurAnjing
kamus
  umur : integer
  umurAnjing : real
algoritma
  input(umur)
  if umur <= 2 then
    umurAnjing <- umur * 10.5
  else
    umurAnjing <- 21 + (umur - 2) * 4
  endif
  output(umurAnjing)
endprogram"
54,Qian 20,LO,LO-06,"In nested loops, the outer and inner loops execute the same number of times.",Student expects both loops in a nested loop to repeat equally.,Renumbered from old LO-07.,"for i <- 1 to 2 do
    for j <- 1 to 3 do
        output(i, j)
    endfor
endfor
{ siswa kira loop luar dan loop dalam sama-sama berjalan 2 kali, padahal loop dalam berjalan 3 kali untuk tiap 1 kali loop luar }","for i <- 1 to 2 do
    for j <- 1 to 3 do
        output(i, j)
    endfor
endfor
{ loop dalam jalan 3x untuk tiap 1x loop luar, tidak sama banyak }"
55,Qian 21,LO,LO-07,Student believes that for-loops are better than while-loops.,Student always prefers for-loop even when the number of repetitions is unknown.,Renumbered from old LO-08.,"jumlah <- 0
for i <- 1 to 100 do
    input(angka)
    jumlah <- jumlah + angka
endfor
output(jumlah)
{ siswa memaksakan for-loop dengan batas 100 yang asal-asalan, padahal banyaknya angka yang akan diinput sebenarnya tidak diketahui; program tetap meminta 100 kali input walau data sudah habis }","jumlah <- 0
input(angka)
while angka <> -1 do
    jumlah <- jumlah + angka
    input(angka)
endwhile
output(jumlah)
{ while-loop berhenti tepat saat sentinel -1 dibaca; jumlah pengulangan tidak perlu ditebak di awal }"
56,Qian 22,LO,LO-08,Student believes that every while-loop can be converted into a for-loop.,Student assumes all condition-controlled loops can be rewritten as count-controlled loops.,Renumbered from old LO-09.,"input(password)
for i <- 1 to 100 do
    input(guess)
endfor
{ siswa memaksa mengganti while dengan for berbatas 100 yang asal-asalan; program tetap meminta tebakan sampai 100 kali walau password sudah benar sejak tebakan pertama }","input(password)
guess <- """"
while guess <> password do
    input(guess)
endwhile
{ while-loop berhenti tepat saat guess sama dengan password; jumlah percobaan tidak bisa dipastikan sebelumnya sehingga tidak selalu bisa diubah menjadi for-loop berbatas pasti }"
57,Qian 23,LO,LO-09,Student believes that while-loops are better than for-loops.,Student always prefers while-loop even when the number of repetitions is known.,Renumbered from old LO-10.,"i <- 1
while i <= 5 do
    output(i)
    i <- i + 1
endwhile
{ siswa selalu memakai while walau jumlah pengulangan (5 kali) sudah pasti diketahui sejak awal }","for i <- 1 to 5 do
    output(i)
endfor
{ ketika jumlah pengulangan sudah pasti diketahui, for-loop lebih ringkas dan sesuai }"
58,Qian 17; Sychev LOOP1; Sychev LOOP2; Bastian&Mühling WD,LO,LO-10,"Student believes a loop condition is checked at the wrong time, such as continuously during the loop body or only after the body rather than at the loop's defined condition-check point.","Inside a while loop, student expects the loop to stop immediately when the exit condition becomes false in the middle of the body.",Merged old LO-11 and LO-19.,"i <- 1
while i <= 5 do
    output(i)
    i <- i + 1
endwhile
{ siswa kira loop berhenti seketika di tengah badan saat kondisi jadi salah }","i <- 1
while i <= 5 do
    output(i)
    i <- i + 1
endwhile
{ kondisi hanya dicek di titik cek (awal iterasi), bukan terus-menerus }"
59,Sychev LOOP3,LO,LO-11,Student believes a loop iteration continues even after its control condition evaluates to false.,-,Renumbered from old LO-12.,"i <- 1
while i <= 3 do
    output(i)
    i <- i + 1
endwhile
{ siswa kira badan loop tetap dijalankan sekali lagi meski kondisi i <= 3 sudah bernilai salah }","i <- 1
while i <= 3 do
    output(i)
    i <- i + 1
endwhile
{ iterasi berhenti begitu kondisi bernilai salah }"
60,Sychev LOOP5,LO,LO-12,Student believes an iteration can be skipped even when the loop condition is true.,-,Renumbered from old LO-14.,"for i <- 1 to 5 do
    output(i)
endfor
{ siswa kira ada iterasi yang bisa ""dilewati"" begitu saja padahal kondisi loop masih benar }","for i <- 1 to 5 do
    output(i)
endfor
{ selama kondisi loop benar, tiap iterasi pasti dieksekusi }"
61,Sychev LOOP6,LO,LO-13,Student believes a for-loop's initialization step occurs after its iteration.,Q#178: student says the second initialization was not performed instead of realizing the loop condition had not been evaluated.,Renumbered from old LO-15.,"for i <- 1 to 3 do
    output(i)
    i <- 1
endfor
{ siswa kira inisialisasi i diulang lagi setelah tiap iterasi, bukan hanya sekali di awal loop }","for i <- 1 to 3 do
    output(i)
endfor
{ inisialisasi i hanya terjadi SEKALI di awal loop, sebelum iterasi pertama dimulai }"
62,Sychev LOOP7,LO,LO-14,Student skips the update step of a for-loop or foreach-loop after an iteration finishes.,-,Renumbered from old LO-16.,"i <- 1
while i <= 3 do
    output(i)
endwhile
{ langkah update (i <- i + 1) dilewatkan -> loop tak berhenti }","i <- 1
while i <= 3 do
    output(i)
    i <- i + 1
endwhile"
63,Sychev LOOP8,LO,LO-15,Student skips or omits the initialization step of a for-loop when the loop starts.,-,Renumbered from old LO-17.,"while i <= 3 do
    output(i)
    i <- i + 1
endwhile
{ inisialisasi awal i dilewatkan }","i <- 1
while i <= 3 do
    output(i)
    i <- i + 1
endwhile"
64,Sychev NOT2pl,LO,LO-16,Student calls the entire program a loop.,-,Renumbered from old LO-18.,"input(x)
y <- x + 1
output(y)
{ siswa menyebut seluruh program ini sebagai ""loop"" walau tidak ada struktur perulangan sama sekali }","input(x)
y <- x + 1
output(y)
{ ini adalah sequence (urutan statement biasa), bukan loop; loop memerlukan struktur for/while yang berulang }"
65,Bastian&Mühling IB,LO,LO-17,"Student assumes the loop can make choices based on future states of the machine, stopping execution in anticipation of a condition that has not yet occurred.","Student halts a loop trace one step early, reasoning that the next action 'would' violate the condition, even though it has not been executed yet.",Renumbered from old LO-20.,"i <- 1
while i <= 5 do
    output(i)
    i <- i + 1
endwhile
{ siswa berhenti trace di i=4, beralasan ""i=5 nanti akan melanggar kondisi"", padahal i=5 masih memenuhi i <= 5 }","i <- 1
while i <= 5 do
    output(i)
    i <- i + 1
endwhile
{ loop hanya berhenti saat kondisinya BENAR-BENAR dicek dan bernilai salah, bukan karena antisipasi keadaan yang belum terjadi }"
66,Bastian&Mühling IN1,LO,LO-18,Student believes the outer and inner loops of a nested loop execute interdependently rather than the inner loop fully completing for each outer iteration.,"In a nested loop, student interleaves outer and inner loop steps instead of completing all inner iterations before advancing the outer loop.",Renumbered from old LO-21.,"for i <- 1 to 2 do
    for j <- 1 to 3 do
        output(i, j)
    endfor
endfor
{ siswa menelusuri i dan j berselang-seling, misal i=1,j=1,i=2,j=1,i=1,j=2,..., padahal j harus selesai penuh dulu untuk tiap i }","for i <- 1 to 2 do
    for j <- 1 to 3 do
        output(i, j)
    endfor
endfor
{ semua iterasi loop dalam selesai dulu sebelum loop luar maju }"
67,Bastian&Mühling IN2,LO,LO-19,"Student believes the counter of an inner loop with a fixed number of repetitions overwrites the counter of the outer loop, causing both loops to be treated as one loop body.","In a nested loop with fixed repetition counts, student merges the two counters into a single running count instead of tracking them separately.",Renumbered from old LO-22.,"for i <- 1 to 2 do
    for i <- 1 to 3 do
        output(i)
    endfor
endfor
{ siswa memakai variabel counter yang sama (i) untuk loop luar dan loop dalam, sehingga keduanya tergabung jadi satu }","for i <- 1 to 2 do
    for j <- 1 to 3 do
        output(i, j)
    endfor
endfor
{ loop luar dan loop dalam harus punya counter terpisah (i dan j) agar keduanya dilacak sendiri-sendiri }"
68,Bastian&Mühling IOL,LO,LO-20,"Student believes the outer loop with a fixed number of repetitions is ignored entirely, so no repetition of the outer loop takes place.","In a nested loop, student traces only the inner loop's repetitions once and never repeats the whole nested structure for the outer loop's count.",Renumbered from old LO-23.,"for i <- 1 to 3 do
    for j <- 1 to 2 do
        output(i, j)
    endfor
endfor
{ siswa hanya menelusuri loop dalam sekali (j=1,2) lalu berhenti, mengabaikan bahwa loop luar mengulang seluruh struktur 3 kali }","for i <- 1 to 3 do
    for j <- 1 to 2 do
        output(i, j)
    endfor
endfor
{ seluruh loop dalam (j=1 sampai 2) harus diulang lagi untuk SETIAP iterasi loop luar, total 3 kali }"
69,Bastian&Mühling EXN,LO,LO-21,"Student believes the counter of a loop with a fixed number of repetitions represents how many statements are executed in total, rather than how many times the whole loop body repeats.","For a loop meant to repeat 5 times with 2 statements in its body, student expects only 5 total statement executions instead of 10.",Renumbered from old LO-24.,"for i <- 1 to 5 do
    output(""langkah A"")
    output(""langkah B"")
endfor
{ siswa kira total statement yang dieksekusi hanya 5 (sama dengan jumlah iterasi), padahal ada 2 statement tiap iterasi }","for i <- 1 to 5 do
    output(""langkah A"")
    output(""langkah B"")
endfor
{ loop 5 kali dengan 2 statement per iterasi menghasilkan total 10 kali eksekusi statement, bukan 5 }"
70,Bastian&Mühling MC,LO,LO-22,"Student believes the counters of two nested loops with fixed numbers of repetitions should be multiplied together to determine the number of iterations, rather than understanding the inner loop repeats fully for each outer iteration.","For an outer loop repeating 3 times and an inner loop repeating 2 times, student says 'so six times' when asked how many times a single inner-loop statement executes total, without tracing the nested structure.",Renumbered from old LO-25.,"for i <- 1 to 3 do
    for j <- 1 to i do
        output(i, j)
    endfor
endfor
{ siswa menjawab ""3 x 3 = 9 kali"" tanpa menelusuri loop, padahal batas loop dalam berubah (1 to i) sehingga total sebenarnya 1+2+3 = 6 }","for i <- 1 to 3 do
    for j <- 1 to i do
        output(i, j)
    endfor
endfor
{ total eksekusi harus ditelusuri per iterasi outer: i=1 -> 1x, i=2 -> 2x, i=3 -> 3x, totalnya 1+2+3 = 6, bukan sekadar mengalikan batas kedua loop }"
71,Grover&Basu IdenticalOutput,LO,LO-23,"Student believes a loop must produce identical output on every iteration, and struggles to recognize that a loop is applicable when output varies across iterations.","Given a task requiring varying output per iteration, student assumes a loop cannot be used and instead writes repeated, near-duplicate statements.",Renumbered from old LO-26.,"output(1)
output(2)
output(3)
output(4)
output(5)
{ siswa tulis statement berulang karena kira loop harus output identik }","for i <- 1 to 5 do
    output(i)
endfor
{ loop tetap bisa dipakai walau keluaran tiap iterasi berbeda }"